<assembly xmlns="http://maven.apache.org/plugins/maven-assembly-plugin/assembly/1.1.0" 
  xmlns:xsi="http://www.w3.org/2001/XMLSchema-instance"
  xsi:schemaLocation="http://maven.apache.org/plugins/maven-assembly-plugin/assembly/1.1.0 http://maven.apache.org/xsd/assembly-1.1.0.xsd">
  <id>release</id>
  <formats>
    <format>zip</format>
    
  </formats>
  <fileSets>
    <fileSet>
      <directory>${project.basedir}</directory>
      <outputDirectory>/</outputDirectory>
      <useDefaultExcludes>true</useDefaultExcludes>
      <includes>
      	<include>.settings/**</include>
      	<include>src/**</include>
      	<include>.classpath</include>
      	<include>.project</include>
      	<include>LICENSE.txt</include>
      	<include>README.txt</include>
      	<include>NOTICE.txt</include>
      	<include>pom.xml</include>
      	<include>build.xml</include>
      </includes>
    </fileSet>
    <fileSet>
      <directory>${project.build.directory}</directory>
      <outputDirectory>/</outputDirectory>
      <includes>
        <include>apidocs/**</include>
      </includes>
    </fileSet>
    <fileSet>
      <directory>${project.build.directory}</directory>
      <outputDirectory>/lib</outputDirectory>
      <includes>
        <include>*-jar-with-dependencies*</include>
      </includes>
    </fileSet>    
  </fileSets>
  
  <dependencySets>
    <dependencySet>
      <outputDirectory>/lib</outputDirectory>
      <useProjectArtifact>true</useProjectArtifact>
      <unpack>false</unpack>
      <scope>runtime</scope>
    </dependencySet>
  </dependencySets>
  
  
</assembly>
